SEASON,TEAM_ID,TEAM_ABBREVIATION,ROTATION_PLAYERS,CONTINUITY,AGE_MEAN,AGE_SD,ROLE_HHI,TOP2_MIN_SHARE,USAGE_MEAN,USAGE_SD,PRIOR_PIE_MEAN,PRIOR_STAR_PIE,PRIOR_PIE_MISSING_SHARE,TEAM_NAME,W_PCT,NET_RATING,AST_PCT,PREV_TEAM_NET_RATING,TALENT_X_CONTINUITY,PRED_Prior team only,PRED_+ roster talent,PRED_+ roster composition,PRED_+ continuity
2020-21,1610612737,ATL,17,0.4822911507584571,25.62081754414255,4.065649084078744,0.08265637197366595,0.24485435551306717,0.19386584466891654,0.06155997980617964,0.10852546618905565,0.156,0.06622821667568907,Atlanta Hawks,0.569,2.2,0.591,-7.4,0.05234087197491767,-4.00700946443758,0.8513866047161188,-0.24366017749016966,-1.0387062371389117
2020-21,1610612751,BKN,19,0.5101116618041642,28.568625727910767,3.5935412831987565,0.07864631771536348,0.23603055760600844,0.19523835049855304,0.06282646768823269,0.1060530598615066,0.179,0.09395174991505267,Brooklyn Nets,0.667,4.2,0.621,-0.5,0.054098902605369634,-0.26496136050235686,0.6984136629215787,0.8044073807571208,0.31094815277562204
2020-21,1610612738,BOS,18,0.7321363631031288,25.620637471698554,3.3506943555423256,0.07758804207413443,0.2515573126239105,0.1959910491184027,0.06735444134215984,0.10105198080780826,0.1405,0.11361636732634939,Boston Celtics,0.5,1.2,0.566,6.3,0.07398382971299591,3.422854162216414,1.0673407667509085,1.221587534283128,1.3347783354273577
2020-21,1610612766,CHA,13,0.8018495597954274,25.17132364961117,3.29987858635031,0.0899121314095817,0.2532402325961561,0.19418585507110991,0.041066779808383844,0.09567859227948904,0.123,0.08576399430186123,Charlotte Hornets,0.458,-1.9,0.672,-7.0,0.07671983710115446,-3.7900791395717706,-1.9357902400977813,-1.8869796406961443,-1.6837748637621304
2020-21,1610612741,CHI,15,0.6929877161838832,26.221904258666655,4.989173953755184,0.08702713289608471,0.24881703704143487,0.19685935653939549,0.05563111623749752,0.09878998177316796,0.14150000000000001,0.11779758123408121,Chicago Bulls,0.431,-1.1,0.635,-3.1,0.06846024385083511,-1.6750084721301224,-1.3774972605622187,-1.6781174738912812,-1.5424730585318893
2020-21,1610612739,CLE,18,0.5475492941141797,24.258139055085618,3.3794202821787342,0.079953358868282,0.25279849096642987,0.19139883875151048,0.053331247764327204,0.09645160776916503,0.14650000000000002,0.20984408617996406,Cleveland Cavaliers,0.306,-8.3,0.618,-7.9,0.05281200975018405,-4.278172370519843,-4.7427212653566855,-3.9694220623478556,-4.2616094816501695
2020-21,1610612742,DAL,15,0.8021615431836426,26.69404306559003,2.9961125946986105,0.08953283362402359,0.250785049818199,0.19436559711007223,0.07759359224346342,0.10694567219152856,0.1765,0.026254899183075983,Dallas Mavericks,0.583,2.3,0.557,4.8,0.08578770544196852,2.6093654439696268,3.3037362109106443,5.112814599494836,5.201882245221418
2020-21,1610612743,DEN,20,0.7047858942065489,26.768553927181127,3.8402716618055437,0.08022812468914989,0.251889168765743,0.1985282860087016,0.05056486255680238,0.1106963533318067,0.151,0.12944240897641401,Denver Nuggets,0.653,4.8,0.621,2.2,0.07801722836836147,1.199318332341861,2.050825865725765,0.5732852919801649,0.7546175677813297
2020-21,1610612765,DET,20,0.1429050324534583,25.237074969511664,4.297571356002241,0.06732376815594031,0.21609437222931852,0.19347722478137985,0.04142147783779664,0.08640221481126131,0.13,0.2783541501702145,Detroit Pistons,0.278,-4.5,0.626,-3.5,0.012347311311653975,-1.8919387969959323,-7.327303199396173,-7.9044741632417015,-9.161884461107608
2020-21,1610612744,GSW,14,0.7172824958290067,27.430207324614113,3.765378875869533,0.08775003104010261,0.26347259978299165,0.194633477616642,0.07078649103258192,0.09002365507344448,0.1185,0.06999101632229235,Golden State Warriors,0.542,1.1,0.67,-8.6,0.06457239199472987,-4.657800439035011,-3.1853284193689593,-1.3017330331857835,-1.0889985073189565
2020-21,1610612745,HOU,24,0.2059669598093203,27.018792048750132,4.034058211529089,0.05763341604002417,0.19778910166844743,0.19271659876246056,0.06318878758304115,0.08843986074745507,0.17149999999999999,0.3609646702438681,Houston Rockets,0.236,-7.4,0.601,2.7,0.018215689244112963,1.470481238424124,-7.934447972505205,-6.730021052659341,-7.424529657404053
2020-21,1610612754,IND,15,0.884038667349123,27.131438741798892,2.794084120595798,0.08918980999371112,0.2568400725885255,0.1958454178493323,0.04606702201289049,0.10266399888325348,0.14600000000000002,0.0,Indiana Pacers,0.472,0.1,0.633,1.9,0.09075894475748325,1.0366205886925037,2.741612116858161,2.507162648716719,2.835812055753784
2020-21,1610612746,LAC,16,0.7200675329870405,29.448123724197163,3.4214510475280795,0.08070416287894024,0.21508197492808445,0.19286325158390738,0.059158473644518136,0.11242166349983236,0.16899999999999998,0.02165997023371826,LA Clippers,0.653,6.1,0.584,6.3,0.08095118989062351,3.422854162216414,5.082867100140251,4.093070556474877,4.134849041887968
2020-21,1610612747,LAL,14,0.6007693751172828,28.515399230624883,4.285664084467352,0.08508061745466032,0.22938168511915935,0.19732019961531244,0.05935325996997279,0.10820412483580408,0.1885,0.1859635954212798,Los Angeles Lakers,0.583,2.9,0.607,5.6,0.06500572446271848,3.043226093701247,0.4200784352174466,1.3562134711364846,1.2713227509825435
2020-21,1610612763,MEM,16,0.8004116653946669,24.621597400494927,2.474039783928442,0.08481118712012627,0.23421563865954348,0.19450404727213863,0.04444629226162006,0.10658759453271353,0.15100000000000002,0.17025717523532,Memphis Grizzlies,0.528,1.2,0.628,-1.0,0.08531395405034073,-0.5361242665846193,-0.33149229469401076,-0.021283313119145223,0.2638442726564825
2020-21,1610612748,MIA,16,0.8436591852430239,27.813001591001154,5.239926247381505,0.08727162829690771,0.2586052027499075,0.19550983661416166,0.04359471234936955,0.10209143853510474,0.153,0.043303411552664484,Miami Heat,0.556,-0.1,0.671,2.7,0.08613037985481471,1.470481238424124,1.7996297540830233,-0.0541118351348423,0.5133357890874882
2020-21,1610612749,MIL,15,0.5987310109927798,28.507382724955793,3.178910558459951,0.09511080116598414,0.253218300406242,0.197573883425679,0.060822990397914584,0.1182865100436991,0.1965,0.029974395515371555,Milwaukee Bucks,0.639,5.8,0.569,9.4,0.07082180174527157,5.104064179926443,6.454200802394547,7.186432668946344,6.429563086373647
2020-21,1610612750,MIN,15,0.6611929235878489,23.42674511471303,3.389146703104795,0.0795128596759325,0.23480978838562883,0.19409414914704987,0.06451809093871902,0.09581333923225868,0.14650000000000002,0.21982498577937634,Minnesota Timberwolves,0.319,-5.3,0.63,-4.0,0.06335110188569146,-2.163101703078195,-4.333990547040942,-2.823135436380473,-2.798030627232986
2020-21,1610612740,NOP,16,0.5815175379965709,25.075563046700186,4.4208081642154,0.08502042446533031,0.2443811571881085,0.19442148150300775,0.057226498326279386,0.11159392636075674,0.1425,0.09327831216762082,New Orleans Pelicans,0.431,-0.3,0.612,-1.3,0.0648938253126779,-0.6988220102339769,2.429834637150558,0.7684186882855465,0.27773999285497475
2020-21,1610612752,NYK,14,0.6468520755894952,26.27232682224676,4.070894431046766,0.09493558271933436,0.29938087833189775,0.19409652748472425,0.06508293825765213,0.10037565250567962,0.1355,0.1114245579147566,New York Knicks,0.569,2.4,0.543,-6.5,0.06492819916194878,-3.5189162334895077,-1.4440918416860073,0.05864055075911112,-0.04045805068356485
2020-21,1610612760,OKC,21,0.4209478041860869,23.397591407810555,3.9545703468050672,0.0656897188857599,0.20222331586718004,0.19368495498364358,0.034615772424159974,0.07004384679964103,0.1225,0.20916538806704685,Oklahoma City Thunder,0.306,-10.6,0.568,2.1,0.02948480350705556,1.1450857511254087,-8.587382894457221,-8.770251562105615,-9.438107918897554
2020-21,1610612753,ORL,22,0.5394570631837358,25.949507829444435,3.3369141617809936,0.06080425754034213,0.19987129680387064,0.1914840968134042,0.04906370294425853,0.08515054698858354,0.134,0.1824069881068713,Orlando Magic,0.292,-9.3,0.57,-1.3,0.04593506400694997,-0.6988220102339769,-5.369755989809368,-6.084211387088409,-6.20585832677604
2020-21,1610612755,PHI,15,0.5968566069465105,27.451770143057903,4.554223338663681,0.08594690724569999,0.2322500602689465,0.19603376824973104,0.06642020928862485,0.10331239893926655,0.16799999999999998,0.15828683314615663,Philadelphia 76ers,0.681,5.5,0.572,2.3,0.06166268788639491,1.2535509135583134,-0.4923365317832496,0.5794292697641462,0.42804747605574184
2020-21,1610612756,PHX,15,0.6661785055350553,26.961404520295197,4.297850097752026,0.09498929299699334,0.2662995848708487,0.19408261070110702,0.05466902807981517,0.10720543127306274,0.14550000000000002,0.009005996309963099,Phoenix Suns,0.708,5.9,0.622,0.5,0.07141795399073002,0.27736445166216833,3.3629813674963773,2.787428958142762,2.406630271548446
2020-21,1610612757,POR,14,0.6028423152758356,27.94399035789301,4.314435046484488,0.0909791829736431,0.27159381454156106,0.19783965901577955,0.06346275839159893,0.10431329241678709,0.1605,0.011268627462452534,Portland Trail Blazers,0.583,1.8,0.515,-1.1,0.0628844667145812,-0.5903568478010719,2.0955645907482006,2.194172391219416,1.762362559624606
2020-21,1610612758,SAC,18,0.6822243474281423,26.143422063940015,3.236151125647787,0.08699325886607763,0.2661272815813097,0.19426407378506347,0.04867717053900269,0.10086171754448756,0.158,0.10244600770941265,Sacramento Kings,0.431,-3.8,0.599,-1.9,0.06881031943226963,-1.0242174975326919,-0.6203571307493698,-0.18497617360626917,-0.3063818961329313
2020-21,1610612759,SAS,16,0.8990845244885379,26.211400521976596,4.721246037229071,0.08826858633080997,0.24175121420052892,0.19511658053476677,0.040429924639138234,0.10428424103104783,0.1355,0.07636068237205523,San Antonio Spurs,0.458,-1.5,0.584,-0.9,0.09376034725904772,-0.48189168536816696,1.242467808098544,-0.6335507002645624,0.08042657055785489
2020-21,1610612761,TOR,19,0.6793790824918277,27.194467914017842,3.6063211254333427,0.07306496390949542,0.22751242592517057,0.19365023861272485,0.04342443172160803,0.10202963575869523,0.1285,0.08696690887266413,Toronto Raptors,0.375,-0.4,0.607,6.1,0.06931680032871773,3.3143889997835094,1.9715158440354366,-0.34469010407462003,-0.3623500399801759
2020-21,1610612762,UTA,11,0.9192341721487599,29.175880395071825,3.0100999662477794,0.10745757227435196,0.2682323484625061,0.1943931699037599,0.07249011351516386,0.10510402836042779,0.14,0.01818871240527966,Utah Jazz,0.722,9.0,0.573,2.5,0.09661521449939763,1.3620160759912185,3.1650480790735993,6.714613111398931,7.199221440529243
2020-21,1610612764,WAS,18,0.5245702882534821,27.17255761879071,4.089480170569226,0.08279516190135439,0.26205020216610686,0.19338565867863997,0.07399654234593595,0.10316766154435178,0.144,0.08558848610361809,Washington Wizards,0.472,-1.6,0.59,-4.5,0.05411868995475829,-2.434264609160457,-0.030923018644214033,0.34092141656939423,-0.09123814999000798
2021-22,1610612737,ATL,14,0.8676496179462432,26.403980319881033,3.981956024256558,0.09034680347623772,0.255287845469934,0.1954369492651595,0.06382320162907178,0.11209256300327472,0.154,0.0,Atlanta Hawks,0.524,1.6,0.593,2.2,0.0972570694644065,1.1119645426901545,4.968255364608175,4.123543199909625,4.356119737954367
2021-22,1610612751,BKN,20,0.5058606363557775,29.357343720601477,5.10686543378782,0.06707941484392076,0.2234313580912378,0.1918609312945269,0.06124440157677201,0.10934005929285892,0.173,0.14727105379581085,Brooklyn Nets,0.537,0.9,0.602,4.2,0.05531083197306406,2.0957528956700684,1.812278127765,-0.4073471777725406,-0.47124395629510285
2021-22,1610612738,BOS,15,0.7011761558329301,26.47161482182731,3.8745863783741186,0.09112499517202276,0.25869254278099624,0.19568440847490762,0.07102147811852715,0.10496650579845851,0.152,0.008113725934081762,Boston Celtics,0.622,7.4,0.609,1.2,0.07360001102697811,0.6200703662001973,2.864136817358757,3.489597589061905,3.344837039278489
2021-22,1610612766,CHA,15,0.716400416300383,25.990815120191574,3.9483791726124378,0.09676750642864912,0.2675285701294371,0.19524063576747805,0.05021080564860594,0.10238557802095648,0.1405,0.028630755706447603,Charlotte Hornets,0.524,0.5,0.656,-1.9,0.07334907071736856,-0.9048015809186695,1.3723219543070866,1.4029419833166623,1.2396907874797565
2021-22,1610612741,CHI,17,0.48331297913609267,26.639043113268546,3.7725147765444373,0.08955608004799345,0.2648525774571279,0.19515754661795345,0.07212547164554779,0.109418191521023,0.15400000000000003,0.11679888342689423,Chicago Bulls,0.561,-0.5,0.572,-1.1,0.05288323211570918,-0.5112862397267038,1.576318093186519,2.7460698039556064,2.3064354669692815
2021-22,1610612739,CLE,19,0.6207376906451976,25.13097542738325,4.004852449594309,0.08159692161288153,0.2439029386760081,0.19406192832047853,0.050678388051225064,0.09503676673939095,0.1305,0.12792817707853196,Cleveland Cavaliers,0.537,2.1,0.634,-8.3,0.058992903112195856,-4.052924310454395,-3.3589315743758124,-3.7372217813084694,-3.802398700847136
2021-22,1610612742,DAL,17,0.757332988089073,27.167586742620404,3.1393096819594324,0.08851720375749479,0.26767477990678407,0.19315213878819268,0.07865480602583401,0.10013710512687725,0.157,0.0,Dallas Mavericks,0.634,3.5,0.595,2.3,0.07583713304432758,1.16115396033915,1.9570168316182097,3.843870558947648,3.8322599574874125
2021-22,1610612743,DEN,17,0.7521314879949508,28.140421156577204,3.7124015124593335,0.08713365994447367,0.24697774090268199,0.1934958744572659,0.054998798089374426,0.09955303142131439,0.1655,0.10071821601453738,Denver Nuggets,0.585,2.3,0.667,4.8,0.07487696965732128,2.3908894015640425,0.3657609806181833,1.188027089746423,1.3029212138174533
2021-22,1610612765,DET,19,0.709884308428368,24.093321441092158,3.469409107254222,0.07734141796927721,0.24710771070920376,0.19439662514693445,0.04343141747294997,0.09213158627374152,0.113,0.16643810191581943,Detroit Pistons,0.28,-7.7,0.615,-4.5,0.06540276740634351,-2.1837264397925575,-3.961861686571251,-4.723421709494578,-4.6311440670683215
2021-22,1610612744,GSW,15,0.6817804444489717,28.338598197959584,4.640233648974345,0.08001626340889792,0.23498342102448389,0.19350166299093885,0.060599695355296954,0.10926557430487994,0.1725,0.13923283401160275,Golden State Warriors,0.646,5.5,0.669,1.1,0.07449513181255318,0.5708809485512018,1.3820961323696128,0.6684683555420085,0.8525839542677012
2021-22,1610612745,HOU,17,0.5832533638238356,24.374951507850618,4.367663293468911,0.08098569618607668,0.21602486881597482,0.19355923698879063,0.037086542984662844,0.0911287492088123,0.11800000000000001,0.2788757988443554,Houston Rockets,0.244,-8.3,0.598,-7.4,0.05315114951709847,-3.6102195516134334,-6.821564240283187,-6.957010041000974,-6.939586956483934
2021-22,1610612754,IND,22,0.5411904461013521,26.577262732212812,3.564431991433824,0.054541507528263436,0.16158220649564004,0.19219686591684568,0.0320952816633813,0.09875188171363579,0.14100000000000001,0.2701680778465815,Indiana Pacers,0.305,-3.6,0.612,0.1,0.053443574917950515,0.07898677206124463,-3.5710153894366674,-7.028654035718657,-6.936914167111717
2021-22,1610612746,LAC,14,0.7718720006750128,28.179131553689896,3.842298323495828,0.08576500632222965,0.24544102601963863,0.19274263550357013,0.05335266611261017,0.0934847067385274,0.131,0.04009998628880005,LA Clippers,0.512,0.0,0.599,6.1,0.072158227622784,3.0303518310009867,0.4505853886756286,0.8885686069786961,0.922821232381907
2021-22,1610612747,LAL,17,0.253794895478606,30.708471840885913,5.5303779254546175,0.0807666808799061,0.24448211285976018,0.19477986307418255,0.06619032034075534,0.1113221613775813,0.1775,0.0719647180028522,Los Angeles Lakers,0.402,-2.9,0.576,2.9,0.028252996311275758,1.4562904662331242,3.407547634586593,2.3915086718663146,1.5881068125774633
2021-22,1610612763,MEM,15,0.7936738691314195,24.36169941441717,2.381850629833706,0.0815604871620243,0.22408234886045986,0.19441743690191993,0.06574231864517684,0.09640546509967148,0.11699999999999999,0.08710289526840913,Memphis Grizzlies,0.683,5.3,0.597,1.2,0.07651449849107028,0.6200703662001973,-0.44548413393851055,0.5598785572883933,0.5989668959411281
2021-22,1610612748,MIA,16,0.6482895108849307,28.711049425553245,5.005096638688118,0.08759376759476431,0.22027912714935616,0.19496928573264452,0.04967917848647071,0.09923027218752409,0.1725,0.04472716991800962,Miami Heat,0.646,4.5,0.644,-0.1,0.06432994462142853,-0.019392063236746776,0.3588454494894223,-0.24380756380002822,-0.3425053255089181
2021-22,1610612749,MIL,21,0.6458802133103172,28.85693515407458,3.561037116323271,0.07914904279307206,0.2266833122694533,0.1965960204679264,0.06982114396144203,0.10866596282482047,0.1645,0.039368905602992096,Milwaukee Bucks,0.622,3.2,0.572,5.8,0.07018519524886604,2.882783578053999,3.9603195909301925,3.7456939453559817,3.642330322208012
2021-22,1610612750,MIN,15,0.8393114800739733,24.458633934196357,3.4241341452290204,0.08900234739449059,0.25109232426280814,0.19522018208791436,0.056703679797364154,0.09773649074318695,0.1345,0.012269595789216981,Minnesota Timberwolves,0.561,2.7,0.617,-5.3,0.08203135870290043,-2.5772417809845236,-0.06739935302139156,-0.2094340050229192,-0.12916985273340262
2021-22,1610612740,NOP,18,0.4016686045325663,26.205882952899664,3.7199496616361163,0.07670859085063643,0.2333904493809028,0.19372679150602778,0.052290066174971596,0.10616588132101258,0.14550000000000002,0.2057503620749444,New Orleans Pelicans,0.439,-0.8,0.621,-0.3,0.04264350139918117,-0.11777089853473818,-0.6450030684154672,-1.447672203474934,-1.8946889670121791
2021-22,1610612752,NYK,15,0.7320486514421971,26.60336896398217,4.1299445674035935,0.09181385830698348,0.25391058736843186,0.19396416126407792,0.06240655266166961,0.10898280211430122,0.14550000000000002,0.08771893916522967,New York Knicks,0.451,-0.4,0.581,2.4,0.07978071331816604,1.2103433779881458,2.696493607082794,2.949780802485864,2.970118900101288
2021-22,1610612760,OKC,22,0.5778254970569332,22.833280626766093,2.654791608494385,0.06377874420980185,0.19722117375825027,0.19431705040448036,0.04569356298011218,0.09170537708998541,0.129,0.37133646852397806,Oklahoma City Thunder,0.293,-8.0,0.58,-10.6,0.052989705099814315,-5.1842809163812955,-9.023191178346186,-9.080772866529042,-8.864746560597679
2021-22,1610612753,ORL,17,0.7211536967298459,23.954690259985806,3.5099628768342677,0.08255680794962404,0.23253163704551694,0.19539866044372156,0.032766268664528746,0.08995502178203461,0.119,0.22669374096731917,Orlando Magic,0.268,-8.1,0.62,-9.3,0.06487139649752807,-4.544818486944352,-6.520672728893774,-6.706774159374745,-6.551481322349749
2021-22,1610612755,PHI,16,0.796899501979313,27.13468522538629,3.9507119276036877,0.08950945813700974,0.2652994509002682,0.19634334823138808,0.07570815816337116,0.11208452049546673,0.1885,0.008586387434554973,Philadelphia 76ers,0.622,2.8,0.602,5.5,0.08932009856242754,2.735215325107013,5.134268420883545,5.381934163796685,5.514633385175718
2021-22,1610612756,PHX,16,0.774708189205442,27.865281325651083,4.337006716319234,0.09008496163095188,0.26728378246411155,0.19416430836601375,0.05240450868599967,0.1032594250646327,0.14,0.0184569363849898,Phoenix Suns,0.78,7.5,0.627,5.9,0.07999592221021663,2.931972995702996,3.193497819525755,2.5663551283896213,2.5974984556934917
2021-22,1610612757,POR,24,0.5605498113091767,26.12060871966373,3.664987628474029,0.053874841507037134,0.16676893811554627,0.19581069554812378,0.04993703600294335,0.08798251158224157,0.14600000000000002,0.1386391761012078,Portland Trail Blazers,0.329,-9.1,0.595,1.8,0.049318580265932964,0.9152068720941716,-3.6206183820932667,-6.141255729507325,-6.153970916759138
2021-22,1610612758,SAC,18,0.6973020125864539,26.460464826468932,3.0707181781037636,0.07629980119062238,0.24253328348599076,0.19488488379338273,0.03970105383731518,0.09758031133819342,0.139,0.10777930089102122,Sacramento Kings,0.366,-5.2,0.585,-3.8,0.06804294748493503,-1.839400516249588,-1.605846358422856,-2.9758106537735887,-2.9172753142891716
2021-22,1610612759,SAS,17,0.7414044079958994,24.538595592004096,3.0629332507208082,0.07955712033493052,0.24393131727319323,0.19481788826242952,0.035767112879878764,0.09196295745771399,0.126,0.11596104561763194,San Antonio Spurs,0.415,0.2,0.646,-1.5,0.06818174203148852,-0.7080439103226867,-2.6469880287216316,-3.7721540671173734,-3.754226671026321
2021-22,1610612761,TOR,15,0.6590392879066912,25.113868426437488,3.446777662815698,0.09729116209263673,0.2658072437077962,0.19562257008389605,0.038373805683826395,0.09922934827092286,0.13,0.18389093513402904,Toronto Raptors,0.585,2.2,0.543,-0.4,0.06539603902391407,-0.16696031618373391,-1.8868571556286102,-0.8892413153095731,-1.0489520882105654
2021-22,1610612762,UTA,15,0.7881625588192618,29.963951825210923,3.6596818901590424,0.09160983595678031,0.24213842996621138,0.19434779544370978,0.06671210379201059,0.11252121121038125,0.15150000000000002,0.018645965050475742,Utah Jazz,0.598,6.2,0.552,9.0,0.0886850057490167,4.456844942821863,5.9886785078324785,6.637048367705289,6.732783426740054
2021-22,1610612764,WAS,17,0.4709262168011419,26.450138397859305,3.1898443419404057,0.07669915282904703,0.23193536999043235,0.1934273040301661,0.04384823084320063,0.09586154586059932,0.1485,0.09218167213265728,Washington Wizards,0.427,-3.4,0.617,-1.6,0.0451437151288412,-0.7572333279716823,-1.4314694096197236,-2.478955196360996,-2.909082660994741
2022-23,1610612737,ATL,15,0.6620287391050524,25.04891076128927,3.153687884793879,0.0942151104275105,0.2680797238751703,0.19507301535278643,0.05551463476656176,0.11538071120579294,0.162,0.07179143152698263,Atlanta Hawks,0.5,0.1,0.56,1.6,0.07638534675661529,0.8699032966917671,4.487818344979476,4.407601033855392,3.8182092790180153
2022-23,1610612751,BKN,19,0.5230788980461629,28.482543839379705,3.666772099844194,0.06921140899810627,0.2403296618655164,0.18949040540193585,0.056888721500124084,0.09824981899406918,0.1575,0.1197412000308095,Brooklyn Nets,0.549,1.1,0.616,0.9,0.051392407052652675,0.5019962355527495,-1.0050948166805607,-2.169559656535344,-2.31015854542951
2022-23,1610612738,BOS,14,0.8577952389149344,27.83227351431262,3.7660973228703036,0.09546155735036552,0.2601079395295619,0.19541847831590037,0.07663383287730569,0.11512907178079972,0.14950000000000002,0.00869287862372037,Boston Celtics,0.695,6.7,0.632,7.4,0.09875716963426572,3.918276088986485,7.0278869574670155,8.007159065904728,8.452086774821387
2022-23,1610612766,CHA,16,0.7815366271248623,25.63651094533447,4.128000982915204,0.07532779005107235,0.23445844034079322,0.1942841251885369,0.0479203484129267,0.0913524672862908,0.123,0.08230911907382496,Charlotte Hornets,0.329,-6.3,0.609,0.5,0.07139529916246204,0.2917636291875965,-1.468629400718379,-2.686321494907443,-2.32600183875111
2022-23,1610612741,CHI,13,0.8756504221416858,27.955401793849077,4.645127624916944,0.10367798216813391,0.27917535583405884,0.19435747909538176,0.058580147995179514,0.10406494604280135,0.14400000000000002,0.01083193294324877,Chicago Bulls,0.488,1.3,0.575,-0.5,0.09112451393253075,-0.23381788672528575,2.6622138924396253,3.987688573267065,4.491917635165822
2022-23,1610612739,CLE,14,0.8261706515926971,25.725001909708954,3.337319010829458,0.09796907558660381,0.2629440073332824,0.1939164922465816,0.060267023126585724,0.11050970896035443,0.156,0.0,Cleveland Cavaliers,0.622,5.6,0.6,2.1,0.09129987825909534,1.1326940546482083,4.829993207035749,5.4017036943827375,5.379898302094533
2022-23,1610612742,DAL,17,0.7854037521225884,28.332346201845372,3.797623920612767,0.0820984434984144,0.24324863438286382,0.19462551402442768,0.08560083086487331,0.104219874588269,0.17149999999999999,0.0362579021665746,Dallas Mavericks,0.463,-0.2,0.573,3.5,0.08185468054737206,1.8685081769262437,2.421246006918993,3.7647794365242038,4.374333535114605
2022-23,1610612743,DEN,17,0.5088806970509383,27.21058270371273,3.6475000421999364,0.08674888292170085,0.23894101876675605,0.19356733893898775,0.04960825110218966,0.10523604679502804,0.175,0.17780181168250878,Denver Nuggets,0.646,3.3,0.663,2.3,0.053552592847939035,1.2378103578307846,-0.38707088284043173,0.16796950282864465,-0.45173117700970583
2022-23,1610612765,DET,19,0.5280427414608405,24.609984169829318,4.63860502220435,0.07276828759309796,0.22625474397743184,0.1939903750532746,0.04422177224914689,0.09036555517220385,0.123,0.24246544760822358,Detroit Pistons,0.207,-7.9,0.581,-7.7,0.04771687548676136,-4.018004801298039,-6.447390913344827,-7.0827412458062335,-7.107413526104098
2022-23,1610612744,GSW,14,0.7341887518944826,27.927000983082788,4.798136139970013,0.09070149130629075,0.2435382787858928,0.1942623858190309,0.06699855734405888,0.10221058964486136,0.137,0.02500716831196494,Golden State Warriors,0.537,1.7,0.691,5.5,0.07504186524175989,2.9196712087520083,3.193703835063526,3.8083957380481084,3.8308078363090328
2022-23,1610612745,HOU,15,0.7545374036787834,22.645171469579296,3.741160024951849,0.09209952556304923,0.2571992793086249,0.19395125153961257,0.04451357223142945,0.09031524649070125,0.1345,0.23675933183358952,Houston Rockets,0.268,-8.1,0.551,-8.3,0.06814623159970307,-4.333353710845768,-6.696232198742195,-4.668978208131411,-4.396016494898522
2022-23,1610612754,IND,16,0.6390042132597081,25.065831541457754,3.592858881128879,0.08722196008522626,0.24146956035327743,0.19375761183612933,0.03127944517469897,0.09295292028676852,0.1205,0.22053669025613126,Indiana Pacers,0.427,-3.3,0.643,-3.6,0.05939730769803888,-1.8631205860552211,-4.49609620929207,-4.1982155479325725,-4.347303988960359
2022-23,1610612746,LAC,19,0.7516161303263744,30.295712493842704,3.605780187948439,0.07424937910751953,0.2086572788072374,0.19571728764326807,0.060150368688782097,0.10214843008109849,0.1355,0.13703464841230745,LA Clippers,0.537,0.5,0.581,0.0,0.07677640773646946,0.028972871231155394,-0.04786339579539339,-0.34583132744131007,0.5612833134961823
2022-23,1610612747,LAL,18,0.4205081502553031,28.330978132962237,4.8011486482113215,0.0726530673225574,0.20162288824992072,0.19494623798950142,0.06837180501435143,0.1053944406356483,0.16949999999999998,0.053250381163854416,Los Angeles Lakers,0.524,0.7,0.589,-2.9,0.04431922127888882,-1.4952135249162033,1.2043274357535216,-0.0481865953822006,-0.7876806400923839
2022-23,1610612763,MEM,16,0.8610987799837739,24.715901031222412,2.3933888273997526,0.07945952902143015,0.21241855077788152,0.19492524275312398,0.06491269148980777,0.1064853480694557,0.152,0.10879115832657246,Memphis Grizzlies,0.622,4.0,0.596,5.3,0.09169440330875582,2.814554905569432,2.335967962490863,2.6659264371148326,3.1474613586550513
2022-23,1610612748,MIA,16,0.922877926335741,28.111756569847856,4.2446070845423876,0.09334613960818758,0.2527636903847139,0.19430659289995392,0.045571547217063746,0.11315018185543772,0.1625,0.04456738896572921,Miami Heat,0.537,-0.5,0.608,4.5,0.10442380519525835,2.3940896928391258,4.983052672553727,3.94085543640526,4.800160547829256
2022-23,1610612749,MIL,18,0.8756828085680967,30.169346754229828,3.989231223821414,0.08139062652401448,0.2330039485259518,0.19299329978109206,0.07497180253853258,0.10172533194214284,0.16799999999999998,0.05353526054133677,Milwaukee Bucks,0.707,3.4,0.604,3.2,0.08907912437761756,1.710833722152379,1.438792833771289,2.39761022288813,3.584433262648108
2022-23,1610612750,MIN,18,0.6414534179741923,26.08134439136096,3.922995853622495,0.08589095018109667,0.26644138552965557,0.1944619192129008,0.057291488237255724,0.10438194778679015,0.16799999999999998,0.0077463611354574614,Minnesota Timberwolves,0.512,0.2,0.61,2.7,0.06695615718264022,1.4480429641959378,2.9390509347476383,2.1811723582567892,1.6641742795744898
2022-23,1610612740,NOP,16,0.8724650970631654,26.315292801757366,3.6464575276649973,0.08505788392966887,0.2568584081943178,0.19562981474110613,0.058712423478187115,0.1024878450616942,0.14600000000000002,0.10069075317791808,New Orleans Pelicans,0.512,1.9,0.616,-0.8,0.08941706768954569,-0.3914923414991505,0.3879269067752052,0.587780414262399,1.4264946046486768
2022-23,1610612752,NYK,14,0.7607259232440261,25.134212326011752,2.26919525130755,0.09580138586074692,0.26215906348056967,0.19376566899991954,0.06958265796736328,0.10636687887199293,0.1305,0.0,New York Knicks,0.573,2.8,0.546,-0.4,0.08091604213248232,-0.18125973513399754,3.7717707683426167,5.299400094332343,4.916764640667523
2022-23,1610612760,OKC,17,0.7101510429641229,23.213422539006295,2.537456023891942,0.0819852707426354,0.24322441903619235,0.1942866460937778,0.05550048696696864,0.0941683943487257,0.136,0.20502391979623688,Oklahoma City Thunder,0.488,1.0,0.567,-8.0,0.06687378346100438,-4.175679256071903,-5.032520501078455,-3.585733525682656,-3.406059470320951
2022-23,1610612753,ORL,17,0.7211985684163232,23.564122593392455,2.9574867960200493,0.07947346558193062,0.2572919378966339,0.19522971710395318,0.04480269241377342,0.10175993403687196,0.139,0.18890369485416122,Orlando Magic,0.415,-2.3,0.574,-8.1,0.07338911874953154,-4.228237407663191,-2.798178704272808,-3.4901546930691185,-3.2072461058355466
2022-23,1610612755,PHI,14,0.695382421108932,28.721223543794416,4.381468386539351,0.09126305817886106,0.24045029671701093,0.1944123525965922,0.08029189586822073,0.11424732190612027,0.1825,0.0,Philadelphia 76ers,0.659,4.4,0.616,2.8,0.07944557931228945,1.5006011157872259,5.414517530587104,6.2589009421440895,6.252610183804409
2022-23,1610612756,PHX,19,0.6968535474908486,28.38513369634654,4.110637137775809,0.07275448497333178,0.20665896024092717,0.1988055090804003,0.054701645214932045,0.10071607398168708,0.16499999999999998,0.0370314036848883,Phoenix Suns,0.549,2.2,0.647,7.5,0.0701843534434894,3.970834240577773,2.3857292508067416,0.7308189723456521,0.8196243197656555
2022-23,1610612757,POR,18,0.6431493430161178,25.720393929103214,3.6949637973168103,0.07965315922335228,0.2307672213369557,0.19492954207047886,0.06539851139334533,0.1052111491340352,0.134,0.13688775110368073,Portland Trail Blazers,0.402,-4.0,0.597,-9.1,0.06766648144352554,-4.753818923576074,-0.9623120673700911,-0.961320699640538,-0.8214319922533884
2022-23,1610612758,SAC,15,0.6399397167092654,25.875731902284038,2.7300034606649755,0.10154797340107057,0.2748643116809058,0.19490096534729082,0.04844252807715722,0.10356198894127466,0.1385,0.13210899870676043,Sacramento Kings,0.585,2.6,0.626,-5.2,0.06627342986492739,-2.704051011515833,-0.6418513307947931,1.3477443655542023,0.8429966114747511
2022-23,1610612759,SAS,20,0.6347651778400736,24.283307810107196,3.446431555266628,0.06521867474763639,0.20596480338636397,0.19237700264050914,0.03589175960992689,0.09437995858623371,0.1235,0.22379205608665348,San Antonio Spurs,0.268,-9.9,0.632,0.2,0.059909111196529426,0.13408917441373186,-3.5124428900893823,-5.654350930228649,-5.58088575770337
2022-23,1610612761,TOR,16,0.8674019871037681,26.23948537796391,3.535169012185294,0.09749771835951879,0.2725696841394757,0.1963032455346414,0.044932240565053426,0.10427269752148947,0.129,0.04102556235650258,Toronto Raptors,0.5,1.5,0.571,2.2,0.09044634503081013,1.1852522062394968,2.947836040414164,3.0025017298222196,3.2346107892659735
2022-23,1610612762,UTA,19,0.2528567138501631,27.012958919309604,4.46374740325931,0.07237079240383276,0.21692701573292206,0.19488921803661685,0.05088007271657086,0.09331420543908138,0.11549999999999999,0.2073274392137102,Utah Jazz,0.451,-0.7,0.611,6.2,0.023595123342865135,3.287578269891026,-2.1527494255314674,-2.6714016643597587,-4.018610485803039
2022-23,1610612764,WAS,15,0.7381820637493247,26.696998503927198,3.4548963789972587,0.08385911358066023,0.22643165856293898,0.19404875223371987,0.05943093336476719,0.08193470265552925,0.1365,0.04460686531188963,Washington Wizards,0.427,-1.2,0.603,-3.4,0.06048272789894586,-1.7580042828726445,-4.232274039619266,-2.4749973767290023,-2.3938753454765465
2023-24,1610612737,ATL,16,0.9587234583598221,26.505617291799112,3.33163766248008,0.09222918822517134,0.26373553719008264,0.19412775079465988,0.05380627736547352,0.10044467132867134,0.139,0.009983471074380164,Atlanta Hawks,0.439,-2.0,0.618,0.1,0.09629866267003945,0.07076757608383742,2.0217954988461813,2.3613356151786085,2.7645940622253513
2023-24,1610612751,BKN,15,0.7482563556159505,26.561425181570648,3.338419786896495,0.08518236150381554,0.25587177071912787,0.1916358189595269,0.051102943152263304,0.09736278869861076,0.1235,0.05328989020831082,Brooklyn Nets,0.39,-2.9,0.63,1.1,0.07285232544422834,0.5373537030615009,0.703166451061569,0.7452119677753088,0.7021824402721586
2023-24,1610612738,BOS,14,0.7027859954209862,28.72438967921179,3.8517419552001013,0.09868499168798833,0.2586422452602063,0.19671296786972964,0.0642316854168656,0.11557111619890413,0.156,0.0,Boston Celtics,0.78,11.7,0.613,6.7,0.0812217619397613,3.150236014136416,6.532200768403048,7.087483827219785,6.828824779277734
2023-24,1610612766,CHA,22,0.45006253441966504,25.463938484659764,4.093114525175628,0.0677347275818619,0.2555315940358118,0.18835378526246438,0.05236181037658243,0.08781713443098824,0.1275,0.3654326198061689,Charlotte Hornets,0.256,-10.6,0.62,-6.3,0.03952320208748299,-2.915383636573208,-9.296810084936704,-8.22964122062077,-8.03399841643964
2023-24,1610612741,CHI,15,0.8669661768183169,28.403267109056245,4.454836818751591,0.10103397412285085,0.2953428351503505,0.1944686143211467,0.0442720392016017,0.10188834023414117,0.1495,0.029738037621560715,Chicago Bulls,0.476,-1.7,0.594,1.3,0.08833374479515727,0.6306709284570335,2.0253648282947214,2.4800412128296117,2.802277039228913
2023-24,1610612739,CLE,14,0.7075816519014196,26.78909297249216,2.763200155181366,0.09059762594998108,0.23934525117960093,0.19341370637521277,0.05140327687845002,0.10101570160057664,0.14150000000000001,0.06128812935481068,Cleveland Cavaliers,0.585,2.5,0.671,5.6,0.0714768570065169,2.636991274460986,1.9138459320267949,3.070707478318957,2.8034258114952175
2023-24,1610612742,DAL,18,0.5899719534642855,27.011167340911534,4.1672758077846925,0.07776535742704639,0.2433177975009357,0.1962613250065373,0.08063712190406128,0.10315984474422275,0.174,0.1394123045843524,Dallas Mavericks,0.61,2.1,0.596,-0.2,0.060861415122821505,-0.06920826200946162,-0.4760085731671542,0.26731980022838986,0.32751036441875736
2023-24,1610612743,DEN,13,0.9159461907408549,27.852395067827658,4.016862445143757,0.1017810615409953,0.2728545256180654,0.19370206261965042,0.05657628207357939,0.10506250643282075,0.16599999999999998,0.03967763848576545,Denver Nuggets,0.695,5.5,0.669,3.3,0.09623160255682874,1.5638431824123604,2.7014549176363634,4.063920771675114,4.487552524829476
2023-24,1610612765,DET,23,0.700369529175134,24.131143877301763,3.9630530569643585,0.06660482344107109,0.2230843992162448,0.19346261830390793,0.052045087204289124,0.0938091805391696,0.1835,0.1677277853716341,Detroit Pistons,0.171,-9.0,0.623,-7.9,0.06570109160652335,-3.6619214397374704,-4.487053145679496,-6.153313349912054,-5.7067643480889645
2023-24,1610612744,GSW,15,0.6845987601083638,29.226929594042034,6.0949214661258395,0.08496316319360785,0.23875523808557486,0.19328500766054163,0.05582984977182729,0.10402220542427228,0.14950000000000002,0.16699980721815805,Golden State Warriors,0.561,2.4,0.671,1.7,0.07121347285719432,0.8173053792480988,-0.3536617929220126,-1.0311275840660183,-0.6319089373364627
2023-24,1610612745,HOU,13,0.439642500448155,25.490680939332638,4.903918073996929,0.09727224104147848,0.2707623754769649,0.19498135163512514,0.05038165990821144,0.08823394197034497,0.119,0.11624369382058442,Houston Rockets,0.5,0.9,0.594,-8.1,0.03879139087223987,-3.7552386651330023,-4.113055697023342,-3.0843580324692415,-3.6437028577113932
2023-24,1610612754,IND,16,0.7248333828151394,25.86446421441661,3.2577401917430775,0.07898639144810368,0.22013943631691563,0.19476256923187174,0.03807664426949141,0.10399670348795544,0.14700000000000002,0.059122226886024636,Indiana Pacers,0.573,2.9,0.654,-3.3,0.07538028239079775,-1.5156252556402179,1.1604988723941008,-0.6251214115887884,-0.6554047469546646
2023-24,1610612746,LAC,14,0.7780432927302351,31.070970077844155,3.780879341124582,0.09409633584393487,0.2571805415470556,0.194823104973233,0.055353123151600736,0.11489474487288902,0.159,0.020394651770243362,LA Clippers,0.622,3.4,0.604,0.5,0.08939308561830286,0.25740202687490277,4.931005998593888,5.81577756747549,5.9977415718815
2023-24,1610612747,LAL,13,0.704345586151825,28.88501584194122,4.683539632283006,0.1026372335670363,0.2745884959171582,0.19603852554030038,0.056855695162529356,0.11697095901702685,0.179,0.0,Los Angeles Lakers,0.573,0.6,0.654,0.7,0.08238797869158887,0.35071925227043543,5.6888271114316895,5.568507930427479,5.482727529624412
2023-24,1610612763,MEM,22,0.7166626631435663,24.709755251287802,3.137467116651565,0.0606906863762658,0.19979715482958338,0.1963380094483145,0.0611937027841567,0.08399714415352176,0.153,0.1050097419062108,Memphis Grizzlies,0.329,-6.9,0.644,4.0,0.060197617025516945,1.8904534712967247,-3.1887839088046936,-4.08129648878974,-3.918376798580362
2023-24,1610612748,MIA,17,0.7360746933193489,28.403851888412458,4.491615201747639,0.08043490770798668,0.23290763076986354,0.19465058456982448,0.04519128510543711,0.10193128862428151,0.15949999999999998,0.10866212172625474,Miami Heat,0.561,1.8,0.648,-0.5,0.07502904201376405,-0.20918410010276062,-0.01892929624839873,-0.8760712985810659,-0.5573038961163513
2023-24,1610612749,MIL,15,0.6480533676586269,30.46771277084802,3.618063976510813,0.09610486118310195,0.2628796469398388,0.1952792761040792,0.07219424002736549,0.12094551370457773,0.1885,0.037144871126911644,Milwaukee Bucks,0.598,2.6,0.615,3.4,0.07837914745945421,1.6105017951101266,6.137931069385731,7.776899653421301,7.624406101156597
2023-24,1610612750,MIN,12,0.932128103992495,27.42946661345413,4.503581866431017,0.1059767217454911,0.2780441283942427,0.19283727848986976,0.06405755769611016,0.1083770971871647,0.1375,0.0,Minnesota Timberwolves,0.683,6.3,0.646,0.2,0.1010213381172822,0.11742618878160377,4.042309022653157,4.9278901923056315,5.295868018624974
2023-24,1610612740,NOP,14,0.8867442039590234,26.401273460165864,3.70416182564733,0.08857406812745552,0.2325605278697785,0.19460613622942827,0.05721290154275344,0.10774856350612341,0.1575,0.05960615163418831,New Orleans Pelicans,0.598,4.6,0.634,1.9,0.09554541417396568,0.9106226046436314,2.7301806243143902,2.452605970308302,2.8471256882680356
2023-24,1610612752,NYK,16,0.7228294727303618,26.82992580846123,2.6825605338908467,0.08936322867661992,0.2797808749555932,0.1942795131469878,0.07286477925519014,0.10185938103353293,0.14300000000000002,0.0,New York Knicks,0.61,4.9,0.59,2.8,0.07362696268510963,1.3305501189235285,2.9476511751025427,4.40848726072752,4.207434517073816
2023-24,1610612760,OKC,14,0.7439786184296214,23.772419649788212,2.82852735958836,0.09567354182193784,0.2587618070136135,0.19660690524692478,0.05893794047098468,0.10278827087490423,0.153,0.2327121354999713,Oklahoma City Thunder,0.695,7.3,0.609,1.0,0.07647227575628095,0.49069509036373443,-2.171114980518708,0.4557455110459319,0.5802610357916899
2023-24,1610612753,ORL,15,0.8727067083080716,24.435553472353135,3.7973160920638205,0.08450672426833346,0.26173457170660136,0.19354241156720797,0.06074819787558903,0.09899747043748951,0.1395,0.059318622980553196,Orlando Magic,0.573,2.2,0.61,-2.3,0.0863957565563271,-1.0490391286625547,0.2598727044335377,-0.49100443557372286,-0.12307891690496717
2023-24,1610612755,PHI,19,0.5198606845389676,28.697328415106572,4.425849569509455,0.0760565466273499,0.2569516254327885,0.19332154193611448,0.07383970887190001,0.10094792390124446,0.161,0.014862716651490127,Philadelphia 76ers,0.573,3.1,0.6,4.4,0.052478856822088554,2.07708792208779,2.5257956650408238,1.8071133680188731,1.48118586259037
2023-24,1610612756,PHX,16,0.3278037707166005,29.536800694362412,3.5323603441929845,0.0935291435403243,0.2724653460770064,0.19451906671939437,0.06155674493892209,0.11479198915315517,0.16599999999999998,0.0,Phoenix Suns,0.598,3.1,0.637,2.2,0.037629246892463365,1.0505984427369308,5.552476248824711,6.099833380022786,4.892546364177526
2023-24,1610612757,POR,18,0.42800285379401726,24.647734800998826,3.32709093016416,0.07166061339675396,0.18419711562961832,0.19434931967589059,0.05770086126688323,0.09252365336594812,0.139,0.3691025837027977,Portland Trail Blazers,0.256,-9.0,0.587,-4.0,0.03960038768407422,-1.8422355445245824,-8.052288885092526,-5.88226171915403,-6.0060528871159375
2023-24,1610612758,SAC,15,0.9105860151779553,26.803691002800214,2.9590800177574157,0.09954332927671444,0.2834351284444625,0.194413578994359,0.05475078770919503,0.1029660017856418,0.14900000000000002,0.03566210786899882,Sacramento Kings,0.561,1.8,0.654,2.6,0.0937594012647938,1.2372328935279961,2.352762085140398,4.045053797973963,4.306794659368344
2023-24,1610612759,SAS,15,0.8272980216452872,23.458535362834755,2.9365366400751345,0.0875203676107564,0.22720391170032117,0.1949388899118231,0.05197472649153524,0.0890370685775077,0.11599999999999999,0.10776100165715337,San Antonio Spurs,0.268,-6.4,0.712,-9.9,0.0736601906872679,-4.595093693692797,-4.013555436058261,-2.8594445613493837,-2.732425932324291
2023-24,1610612761,TOR,22,0.5067158663958615,26.316397670248126,3.805872625089428,0.06219316431849144,0.21132627379235858,0.19440907610970715,0.038261456604354836,0.0963934221202396,0.1325,0.1049628676413588,Toronto Raptors,0.305,-6.3,0.674,1.5,0.04884407640451921,0.7239881538525662,-0.6284081257390988,-3.7457782565812687,-4.0696996910088155
2023-24,1610612762,UTA,17,0.6951507586932527,25.514111385040692,3.9410590006883397,0.07468460417714014,0.21135615774217836,0.197128467243638,0.04955597037052181,0.09923447283455224,0.1565,0.17864105711603726,Utah Jazz,0.378,-5.1,0.648,-0.7,0.06898291907946397,-0.30250132549829334,-2.119003318843359,-2.94534416644759,-2.711656203823093
2023-24,1610612764,WAS,20,0.47837717342844394,25.419322438646926,3.478218880982482,0.08141927096891236,0.23713110007635502,0.194271485746204,0.05174515090263566,0.09276670715021447,0.1145,0.11550622370491082,Washington Wizards,0.183,-8.7,0.65,-1.2,0.04437747515478382,-0.5357943889871251,-1.9406108651737943,-1.7585895845126096,-2.3443525798328366
2024-25,1610612737,ATL,18,0.5849341116574831,25.394926239815174,3.5480679562485715,0.08019392619014937,0.2714763282456016,0.19103136469120918,0.04440662679785616,0.09275872803295954,0.126,0.11988202459695148,Atlanta Hawks,0.488,-1.1,0.682,-2.0,0.05425774418043726,-0.9203680670105507,-2.5052940405233817,-3.2460066553351616,-3.366257137103387
2024-25,1610612751,BKN,22,0.6933410889962318,25.158635340532612,2.9575499302323767,0.06491812572562433,0.20016691535368353,0.18969543511797884,0.040293859564917996,0.08957199868490934,0.1295,0.11056371867175843,Brooklyn Nets,0.317,-7.3,0.669,-2.9,0.062103947111764084,-1.350540522521086,-3.226388300288353,-5.539929622474192,-5.506788309168397
2024-25,1610612738,BOS,15,0.9700798348104306,29.331135576067954,4.055468082707038,0.09549544627332614,0.26569352019381154,0.1949112566060494,0.06503078254915873,0.11200649105052796,0.14650000000000002,0.019636705612969832,Boston Celtics,0.744,9.4,0.628,11.7,0.10865523833599214,5.627812644649819,5.741945637765091,6.743455731333928,7.066465530410076
2024-25,1610612766,CHA,22,0.568878458880264,25.25106119606983,4.241410297033277,0.06095677037785553,0.2020166593599298,0.19353076823890444,0.06588956798155761,0.0878761276014132,0.137,0.12674007788121824,Charlotte Hornets,0.232,-9.1,0.635,-10.6,0.04999083604225737,-5.03090486411122,-5.149767879537637,-6.804626306802758,-6.725559915551432
2024-25,1610612741,CHI,16,0.5947687544677984,25.36783802270027,4.0550903644964835,0.0792511085305598,0.24323851743662794,0.193017536912372,0.03685304687857035,0.09436114211070368,0.125,0.11772359563274311,Chicago Bulls,0.476,-1.6,0.673,-1.7,0.05612305896334215,-0.7769772485070391,-2.0540213439660016,-3.6224232208040594,-3.7300642569288907
2024-25,1610612739,CLE,16,0.9334295591249273,27.11383750853961,2.4697086521198512,0.08297593993353072,0.23617610347183338,0.1951717476281712,0.0604331827486807,0.10422377119492915,0.1495,0.023299654306275393,Cleveland Cavaliers,0.78,9.2,0.631,2.5,0.09728554879682001,1.2304942105421253,2.4096483476202493,2.2609213428575043,2.4907115864121665
2024-25,1610612742,DAL,20,0.5140530116527163,28.029895987198426,4.443330105218667,0.06963887336601488,0.2103335795174791,0.19452997804858035,0.05474863092447812,0.09429610823896276,0.184,0.013365747579189236,Dallas Mavericks,0.476,-1.3,0.601,2.1,0.04847319842736932,1.0393064525374431,0.18775708247149306,-1.8817004290330386,-2.037165484567552
2024-25,1610612743,DEN,13,0.8814058653261777,27.67545504177011,4.237753123179152,0.1033857513279492,0.27139752160611463,0.1948335582360758,0.05003220839996968,0.11148661914523227,0.174,0.0,Denver Nuggets,0.61,3.8,0.683,5.5,0.09826496001999345,2.664402395577243,4.892668471879544,5.2322755251907545,5.348270485948939
2024-25,1610612765,DET,14,0.521077163680224,26.05922969201991,4.530584524048277,0.0900582954313716,0.2431897864685018,0.19441440340996208,0.05716441728945769,0.096465057088244,0.1315,0.06475963651603274,Detroit Pistons,0.537,2.1,0.618,-9.0,0.05026573834179308,-4.266153832092492,-1.885350130304341,-1.5152901623495467,-1.7360284510676474
2024-25,1610612744,GSW,17,0.7246581752549224,29.264728417090467,5.254510579520924,0.07253840954773776,0.2178422489728546,0.19339624931223678,0.0489086878145064,0.1031865470944254,0.14250000000000002,0.035249471643586966,Golden State Warriors,0.585,3.2,0.714,2.4,0.07477497492830243,1.1826972710409547,1.9703752771175855,-0.7002584977390152,-0.5297271091688966
2024-25,1610612745,HOU,14,0.925697356146268,25.323136539309257,4.1302581264482505,0.09515765090610859,0.26102289152921154,0.19428417583318813,0.04514062781094328,0.10566823684992876,0.14,0.07430264385373204,Houston Rockets,0.634,4.6,0.549,0.9,0.0978168074806167,0.4657431785233961,1.6397314372598895,1.2033636679278097,1.4290380701352603
2024-25,1610612754,IND,14,0.9277198670332827,26.37962202979439,3.4509213763976834,0.0921048320143507,0.25644827020150196,0.19255956826855994,0.03649012667103615,0.10962055238642424,0.1785,0.02875815652316657,Indiana Pacers,0.61,2.1,0.671,2.9,0.10169716428404849,1.4216819685468076,3.5540998435400737,1.95792417721133,2.172471572556442
2024-25,1610612746,LAC,18,0.6780046736822812,30.389636440466553,3.461933395863447,0.08809756962947927,0.27567597839312896,0.19429984370147493,0.06347071335831751,0.09561604019977701,0.14250000000000002,0.05558525397237538,LA Clippers,0.61,4.9,0.605,3.4,0.0648281221344417,1.6606666660526606,0.07015377441682949,2.2470461360611225,2.2165654151931906
2024-25,1610612747,LAL,18,0.7235235503972823,28.65102147234513,5.076764925911172,0.07872178741368951,0.25792112178676346,0.19577345359361045,0.07247108214563154,0.10220217769540145,0.1845,0.1041452622992292,Los Angeles Lakers,0.61,1.2,0.635,0.6,0.07394568246451079,0.3223523600198843,0.21591260694195744,0.2860985439823125,0.5274431778696609
2024-25,1610612763,MEM,17,0.7708701458804192,25.0645520854736,2.561308830965718,0.07910859070084886,0.22668995274296283,0.19406183480583525,0.05620668921979101,0.10818749229504827,0.14250000000000002,0.19068728169303473,Memphis Grizzlies,0.585,4.7,0.635,-6.9,0.0833985079679206,-3.262418102567909,-1.014842831557201,-1.3304473682319646,-1.120032849959243
2024-25,1610612748,MIA,16,0.7423490975858691,27.281397293014052,3.78625894689799,0.08563176432943675,0.2769506146878863,0.19259551126543134,0.047289842090396446,0.10309411366468868,0.1485,0.11309539073839482,Miami Heat,0.451,0.4,0.653,1.8,0.07653182224539666,0.8959156340339314,0.5328783405007381,0.14448061850803617,0.24261862874471618
2024-25,1610612749,MIL,15,0.6688298084074458,29.906194022815125,4.359216114008228,0.08953364520699737,0.25325518787383594,0.19639784523846937,0.07495258630257011,0.10343075851376975,0.1785,0.03135769879429727,Milwaukee Bucks,0.585,2.4,0.607,2.6,0.0691775744002014,1.278291150043296,2.054350169633412,3.719027188870611,3.717626568856302
2024-25,1610612750,MIN,13,0.734357232819854,27.3085007113246,4.547679045847876,0.10745598736147269,0.2797468806249459,0.19444472319530065,0.05934227649780695,0.10851703864608671,0.1405,0.07024521576846003,Minnesota Timberwolves,0.598,5.0,0.637,6.3,0.0796902722139454,3.046777911586608,3.2324119718513447,5.464120747303681,5.388848791841116
2024-25,1610612740,NOP,23,0.49460821750420053,26.34416781222952,3.8014243471358404,0.059911040880459225,0.19404307316328093,0.194979710809022,0.05745000993120485,0.09585651952548244,0.1355,0.21013695840333996,New Orleans Pelicans,0.256,-9.4,0.636,4.6,0.04741142225865546,2.2342299400667076,-2.2622159255406835,-3.697276976639267,-3.725220208096176
2024-25,1610612752,NYK,14,0.582731713311419,27.777052420304543,1.948269045472608,0.11194329890298968,0.3038309114927345,0.19409937738727948,0.05413360524763663,0.10425633621086912,0.14800000000000002,0.026302315341054556,New York Knicks,0.622,4.0,0.634,4.9,0.0607534734237311,2.37762075857022,2.7596468964560374,6.416049125203471,5.948952899363043
2024-25,1610612760,OKC,16,0.7941420027603128,25.264228390328682,2.523656686736924,0.08465241595936593,0.24715023258191485,0.19433552113683997,0.06987280207918,0.10454564739559372,0.16,0.07135919848693963,Oklahoma City Thunder,0.829,12.7,0.602,7.3,0.08302408980261027,3.524747306598314,2.4357100992980185,3.0008717964585383,3.034315321965106
2024-25,1610612753,ORL,16,0.7708380856790913,25.364174156363582,3.592374232982555,0.07546898629029397,0.21816688717550983,0.19318320482990406,0.07239966353083645,0.09420461699895069,0.1375,0.08258689822629785,Orlando Magic,0.5,-0.2,0.603,2.2,0.07261650662960313,1.0871033920386137,-0.889651298320148,-0.7159800834865376,-0.6207030175092003
2024-25,1610612755,PHI,23,0.3931175299831909,27.500232028132128,4.836769796989067,0.061113737697059224,0.20824267048911532,0.19264414103185487,0.05609508570637132,0.09953740809107878,0.19,0.258556681894587,Philadelphia 76ers,0.293,-6.3,0.584,3.1,0.03912990000969377,1.517275847549149,-2.5874290251351453,-4.069004019342023,-4.090681987485059
2024-25,1610612756,PHX,16,0.5908946537980778,29.490763508944486,4.093274250938078,0.08666972738046641,0.25923649105551116,0.19407236532038274,0.060403663365204495,0.10994708100243848,0.145,0.12587344521628654,Phoenix Suns,0.439,-3.0,0.673,3.1,0.06496714236504511,1.517275847549149,2.094453914856298,2.792294650294587,2.7505037524357467
2024-25,1610612757,POR,15,0.8219179481939407,24.477571143922756,2.783706486338599,0.08790287693604706,0.24731006999438004,0.19527324375415117,0.044191085213551896,0.08997727992642926,0.127,0.06763909467123079,Portland Trail Blazers,0.439,-2.7,0.587,-9.0,0.07395394130120259,-4.266153832092492,-3.400107176333338,-3.177997624206905,-3.163827771023299
2024-25,1610612758,SAC,17,0.678389173537596,28.211107802569035,3.656411133672669,0.09514599022672025,0.2761600147857606,0.19624379562793282,0.0511649385851352,0.1084549034305018,0.15200000000000002,0.03594274624965346,Sacramento Kings,0.488,0.6,0.615,1.8,0.0735746323043179,0.8959156340339314,3.04070576309364,3.2843104349300276,3.1856573958095944
2024-25,1610612759,SAS,16,0.6000533823355799,26.538792019340832,6.196766594545451,0.08537958058839538,0.23218749518789045,0.19587342226967322,0.049688058838108874,0.09846770112051577,0.14500000000000002,0.11100446050477104,San Antonio Spurs,0.415,-2.8,0.685,-6.4,0.05908587710817446,-3.023433405062056,-1.810072175244465,-2.8141304816358232,-2.796569496602777
2024-25,1610612761,TOR,20,0.6000744996785289,24.860593752232443,3.4393780462802463,0.06905820873021734,0.2043128170063376,0.1941750436282364,0.047563595933389394,0.09254726647412415,0.1255,0.24997193505260906,Toronto Raptors,0.366,-4.1,0.685,-6.3,0.05553525462607554,-2.975636465560885,-5.436178082627638,-5.929208996473191,-5.857904787322509
2024-25,1610612762,UTA,18,0.64677820126229,24.18279734480313,3.7726442503900515,0.0714012495973093,0.20147658334736446,0.1946237110509049,0.04885993714566792,0.09379274259794992,0.15050000000000002,0.2256152005428765,Utah Jazz,0.207,-9.2,0.633,-5.1,0.06066310134895902,-2.4020731915468385,-4.597089853502932,-5.3747927595306155,-5.280003984414498
2024-25,1610612764,WAS,22,0.5092371810548626,23.95461400505421,4.493894178787176,0.07402310246245913,0.2272203880329339,0.19115506541941793,0.0449056026915736,0.08855946339773377,0.1285,0.3517516507703595,Washington Wizards,0.22,-12.2,0.637,-8.7,0.04509777149639323,-4.12276301358898,-8.448102203197129,-7.904170184568871,-7.830980555305709
